roc_auc,recall,precision,f1,confusion_matrix
0.6480059124445079,0.4592367736339983,0.2071191081556816,0.2854832187626365,"[[13754, 4054], [1247, 1059]]"
